State,Year,Labor Force,Employed,Unemployed,Unemployment Rate,Population,Violent Crime,Murder,Rape,Robbery,Assault,Property Crime,Burglary,Larceny,Vehicle theft
FLORIDA,2009,8987797,8127255,860542,9.574559817,18537969,113541,1017,5501,30911,76112,712010,181884,479867,50259
NEW HAMPSHIRE,2015,746316,720831,25485,3.414773367,1330608,2652,14,627,468,1543,23229,3467,18871,891
ARKANSAS,2008,1357724,1284177,73547,5.416933044,2855390,14374,162,1395,2735,10082,109508,33694,69303,6511
INDIANA,2011,3189020,2904401,284619,8.924967545,6516922,21626,312,1757,6978,12579,206055,50551,140688,14816
WISCONSIN,2008,3098945,2945883,153062,4.93916478,5627967,15421,146,1120,5126,9029,155127,27479,116128,11520
KENTUCKY,2017,2053412,1955241,98171,4.780872032,4454189,10056,263,1661,2958,5174,94833,20195,64394,10244
HAWAII,2017,695303,679865,15438,2.220326965,1427538,3577,39,567,1077,1894,40392,5549,29574,5269
DISTRICT OF COLUMBIA,2005,318130,295907,22223,6.985509069,550521,8032,195,166,3700,3971,26133,3577,14836,7720
NEBRASKA,2018,1036414,1006284,30130,2.907139425,1929268,5494,44,1233,756,3461,40126,5246,30006,4874
PENNSYLVANIA,2019,6573614,6287803,285811,4.347851882,12801989,39228,669,4351,9743,24465,179665,23354,143921,12390
WYOMING,2007,290745,283069,7676,2.640114189,522830,1251,16,160,84,991,14984,2348,11840,796
MISSOURI,2016,3072912,2933460,139452,4.538105875,6093000,31644,537,2554,6570,21983,170549,31710,120544,18295
NEW MEXICO,2005,906006,858723,47283,5.21883961,1928384,13541,143,1044,1904,10450,79995,21095,50907,7993
HAWAII,2002,601787,577616,24171,4.016537413,1244898,3262,24,372,1210,1656,71976,12722,49344,9910
VERMONT,2011,357674,337779,19895,5.562327706,626431,847,8,119,85,635,14464,3643,10322,499
GEORGIA,2004,4464789,4236308,228481,5.117397485,8829383,40217,613,2387,13656,23561,376656,82992,249426,44238
MONTANA,2005,485553,465732,19821,4.082149631,935670,2634,18,301,177,2138,29407,3642,23794,1971
INDIANA,2019,3404332,3291956,112376,3.300970646,6732219,24966,377,2475,5331,16783,132694,21795,97176,13723
MARYLAND,2000,2801396,2702435,98961,3.532560195,5296486,41663,430,1543,13560,26130,213422,39426,145423,28573
WISCONSIN,2007,3087605,2938881,148724,4.816807849,5601640,16296,183,1223,5474,9416,158959,27839,117687,13433
FLORIDA,2019,10284669,9950517,334152,3.249030183,21477737,81270,1122,8456,16217,55475,460846,63396,358402,39048
FLORIDA,2011,9260358,8334122,926236,10.0021619,19057542,98199,984,5274,25622,66319,671200,170171,461408,39621
MICHIGAN,2018,4944803,4739083,205720,4.16032752,9995915,44918,551,7690,5656,31021,165280,31651,116178,17451
NORTH DAKOTA,2000,342768,332618,10150,2.961186575,642200,523,4,169,56,294,14171,2093,11092,986
VIRGINIA,2017,4352985,4193294,159691,3.668540094,8470020,17632,453,2862,4332,9985,151855,18468,123215,10172
MICHIGAN,2012,4685472,4261970,423502,9.038619802,9883360,44922,689,4589,10434,29210,250101,65665,159321,25115
MINNESOTA,2000,2799120,2714003,85117,3.040848552,4919479,13813,151,2240,3713,7709,157798,26116,118250,13432
NEW HAMPSHIRE,2004,715494,688271,27223,3.804783828,1299500,2170,18,459,500,1193,26511,4966,19603,1942
PENNSYLVANIA,2014,6389069,6010079,378990,5.931850165,12787209,40164,614,3827,13534,22189,247016,45720,188256,13040
OHIO,2005,5880703,5531432,349271,5.939272907,11464042,40273,585,4557,18696,16435,419899,100063,278457,41379
NEBRASKA,2000,938857,912626,26231,2.793929214,1711263,5606,63,436,1147,3960,64479,10131,49118,5230
TENNESSEE,2003,2904575,2744355,160220,5.516125423,5841748,40177,395,2085,9372,28325,255833,63207,166216,26410
OREGON,2004,1845412,1709562,135850,7.361499763,3594586,10724,90,1283,2751,6600,166475,30072,117868,18535
NEVADA,2013,1370727,1234022,136705,9.973174819,2790136,16824,163,1418,5183,10060,79177,23047,46132,9998
VERMONT,2007,353271,339384,13887,3.930976502,621254,772,12,123,80,557,14430,3106,10683,641
NORTH DAKOTA,2011,387392,374439,12953,3.343641583,683932,1689,24,259,91,1315,13246,2433,9833,980
TEXAS,2019,13921798,13429088,492710,3.539126196,28995881,121474,1409,14824,28988,76253,693204,113902,501813,77489
MISSOURI,2010,3043253,2753916,289337,9.507490833,5988927,27252,420,1432,6132,19268,200414,44043,140320,16051
DELAWARE,2019,484658,467162,17496,3.609968266,973764,4115,48,310,790,2967,21931,2968,17359,1604
DELAWARE,2017,475213,453949,21264,4.474625063,961939,4361,54,334,1082,2891,23477,3970,18138,1369
NEW HAMPSHIRE,2017,758133,736919,21214,2.798189764,1342795,2668,14,663,419,1572,18555,2574,15066,915
NORTH CAROLINA,2008,4578481,4296606,281875,6.156517849,9222414,43099,604,2284,14334,25877,372961,111602,234616,26743
MISSISSIPPI,2012,1330461,1213249,117212,8.809878681,2984926,7786,220,822,2284,4460,83906,28076,51508,4322
WYOMING,2018,292632,280754,11878,4.059022937,577737,1226,13,243,100,870,10313,1525,7949,839
MAINE,2013,704247,657063,47184,6.699922044,1328302,1718,24,447,335,912,30447,6483,23050,914
NEBRASKA,2008,987553,955479,32074,3.247825686,1783432,5416,68,583,1299,3466,51338,8775,38375,4188
ILLINOIS,2018,6557425,6270843,286582,4.370343542,12741080,51490,884,5859,14208,30539,246264,39080,187591,19593
NEW YORK,2002,9294777,8718238,576539,6.202827674,19157532,95030,909,3885,36653,53583,442091,76700,318025,47366
NORTH DAKOTA,2008,371857,360452,11405,3.067039211,641481,1068,3,232,72,761,12152,2106,9164,882
VIRGINIA,2011,4205194,3929013,276181,6.567616143,8096604,15923,303,1536,5430,8654,182141,30597,141820,9724
MINNESOTA,2008,2914136,2756572,157564,5.406885609,5220393,13717,109,1805,4177,7626,148810,26410,112322,10078
GEORGIA,2009,4792162,4292835,499327,10.41966027,9829211,41880,566,2301,14603,24410,360400,98362,228893,33145
CALIFORNIA,2007,17910729,16955404,955325,5.333814162,36553215,191025,2260,9013,70542,109210,1108660,237025,652243,219392
NEW YORK,2009,9664019,8853909,810110,8.382744281,19541453,75176,778,2586,28136,43676,378315,62842,293603,21870
NEW YORK,2015,9536524,9035992,500532,5.248579042,19795791,75165,609,6074,23936,44546,317529,44276,257940,15313
NEW YORK,2000,9140552,8727544,413008,4.518414205,18976457,105111,952,3530,40539,60090,483078,87946,340901,54231
VERMONT,2001,338121,326970,11151,3.297931805,613090,644,7,107,107,423,16334,3150,12426,758
TENNESSEE,2007,3043276,2901958,141318,4.643614316,6156719,46380,397,2174,11022,32787,251724,61715,168351,21658
NEVADA,2015,1396760,1301093,95667,6.849208167,2890845,20118,178,1688,6287,11965,77137,22360,43426,11351
DISTRICT OF COLUMBIA,2004,313735,288323,25412,8.099829474,553523,7590,198,222,3202,3968,26896,3946,14542,8408
NEBRASKA,2016,1016074,984967,31107,3.061489616,1907116,5550,49,994,946,3561,43163,6444,31994,4725
RHODE ISLAND,2013,558748,505777,52971,9.48030239,1051511,2705,31,440,684,1550,25678,5607,17838,2233
HAWAII,2014,664015,635913,28102,4.23213331,1419561,3680,26,445,1107,2102,43297,7778,31640,3879
ALASKA,2009,359381,330720,28661,7.975101633,698473,4421,22,512,655,3232,20577,3597,15291,1689
ALASKA,2019,353167,333362,19805,5.607828591,731545,6343,69,1088,826,4360,21294,3563,15114,2617
INDIANA,2007,3202590,3054549,148041,4.622539882,6345289,21165,356,1742,7872,11195,215526,46919,149050,19557
CALIFORNIA,2008,18179911,16856084,1323827,7.281812326,36756666,185173,2142,8903,69385,104743,1080747,237835,650385,192527
NORTH DAKOTA,2002,342474,330858,11616,3.391790326,634110,496,5,163,58,270,14762,2243,11501,1018
MICHIGAN,2015,4760214,4501823,258391,5.428138315,9922576,41231,571,6450,7796,26414,187101,40041,131296,15764
OKLAHOMA,2016,1828066,1743228,84838,4.640860888,3923561,17648,245,2039,3162,12202,117037,29103,75779,12155
WASHINGTON,2015,3554830,3361252,193578,5.445492471,7170351,20394,211,2705,5449,12029,248369,50993,170509,26867
CONNECTICUT,2016,1893198,1801389,91809,4.849413532,3576452,8123,78,763,2703,4579,64664,10045,47512,7107
OKLAHOMA,2010,1765710,1650504,115206,6.524627487,3751351,17987,195,1450,3337,13005,128126,37476,80460,10190
INDIANA,2013,3193688,2953675,240013,7.515230041,6570902,23487,355,2142,7108,13882,187536,42909,130423,14204
CONNECTICUT,2015,1892088,1785789,106299,5.618079075,3590886,7845,117,773,2892,4063,65066,10053,48675,6338
IOWA,2012,1660190,1576241,83949,5.056589908,3074186,8112,45,871,962,6234,69839,17096,48720,4023
SOUTH DAKOTA,2003,421530,406903,14627,3.469978412,764309,1325,10,354,104,857,15299,2873,11552,874
ARKANSAS,2000,1260517,1207840,52677,4.178999569,2673400,11904,168,848,2001,8887,98115,21443,69740,6932
NEW YORK,2018,9826134,9424214,401920,4.0903167,19542209,68495,562,6575,18187,43171,281507,31137,237233,13137
MONTANA,2007,505098,488132,16966,3.358952124,957861,2754,14,290,191,2259,26489,3027,21707,1755
CALIFORNIA,2002,17246533,16081472,1165061,6.755334536,35116033,208388,2395,10198,64968,130827,1176484,238428,715692,222364
NEVADA,2003,1150380,1089894,60486,5.257914776,2241154,13765,197,874,5162,7532,96109,21977,53294,20838
NORTH CAROLINA,2009,4613205,4104080,509125,11.03625354,9380884,37929,494,2306,11825,23304,344098,107830,216244,20024
ARKANSAS,2018,1343869,1294814,49055,3.650281389,3013825,16384,216,2196,1594,12378,87793,19193,61487,7113
KENTUCKY,2014,2006530,1877560,128970,6.427514166,4413457,9340,160,1440,3336,4404,99166,23244,69604,6318
KENTUCKY,2008,2038233,1906277,131956,6.474039033,4269245,12646,198,1408,4004,7036,110314,28839,73808,7667
PENNSYLVANIA,2018,6509784,6222012,287772,4.420607504,12807060,39192,784,4483,9848,24077,190816,27104,150596,13116
VIRGINIA,2002,3739501,3576528,162973,4.35814832,7293542,21256,388,1839,6961,12068,207783,31757,157548,18478
TENNESSEE,2009,3032680,2725147,307533,10.14063469,6296254,42041,461,1993,9647,29940,236365,63646,157746,14973
MICHIGAN,2002,5034731,4723289,311442,6.185871698,10050446,54306,678,5364,11847,36417,335060,70970,214367,49723
OREGON,2018,2080050,1996490,83560,4.017211125,4190713,11966,82,1975,2549,7360,121278,16304,88418,16556
MAINE,2010,697833,638986,58847,8.432819887,1328361,1621,24,389,414,794,32934,7359,24585,990
UTAH,2009,1373842,1274209,99633,7.252143987,2784572,5924,37,905,1299,3683,91205,15159,69142,6904
RHODE ISLAND,2009,571207,505932,65275,11.42755603,1053209,2660,31,287,786,1556,27497,5749,19355,2393
VIRGINIA,2010,4163306,3858474,304832,7.32187353,8001024,17087,369,1532,5657,9529,186196,30629,145019,10548
GEORGIA,2011,4739290,4258837,480453,10.13765775,9815210,36634,554,2053,12148,21879,355952,95657,230820,29475
DELAWARE,2011,443971,410229,33742,7.600045949,907135,5075,41,289,1538,3207,30939,7531,21878,1530
MONTANA,2017,528443,506873,21570,4.081802579,1050493,3961,41,613,295,3012,27225,3615,21018,2592
HAWAII,2011,660635,615470,45165,6.836604176,1374810,3949,17,434,1042,2456,45889,10008,31697,4184
LOUISIANA,2008,2064698,1968679,96019,4.650510632,4410796,28944,527,1232,5994,21191,168630,43320,111567,13743
GEORGIA,2002,4341633,4111634,229999,5.297522845,8560310,39271,606,2108,13432,23125,346559,73932,234591,38036
TEXAS,2001,10539151,10014838,524313,4.974907372,21325018,122155,1332,8169,35348,77306,976654,204362,669625,102667
NEW MEXICO,2016,944245,880516,63729,6.749201743,2081015,14619,139,1526,2737,10217,81931,17281,52907,11743
RHODE ISLAND,2015,555273,521768,33505,6.033968877,1056298,2562,29,459,556,1518,20043,3947,14707,1389
IDAHO,2005,730361,701401,28960,3.965162433,1429096,3670,35,577,266,2792,38556,8066,27606,2884
CALIFORNIA,2016,19012023,17965411,1046612,5.505000704,39250017,174796,1930,13702,54789,104375,1002070,188304,637010,176756
SOUTH CAROLINA,2004,2043862,1891719,152143,7.443897876,4198068,32922,288,1718,5446,25470,189113,43425,130051,15637
KANSAS,2003,1441071,1361118,79953,5.548165219,2723507,10771,123,1042,2246,7360,108777,21887,79113,7777
MARYLAND,2008,3027935,2891509,136426,4.505578885,5633597,35393,493,1127,13203,20570,198165,38849,133983,25333
MARYLAND,2017,3243898,3114581,129317,3.986469365,6052177,30273,546,1691,11200,16836,134496,23508,97420,13568
NEW HAMPSHIRE,2005,726106,699674,26432,3.640239855,1309940,1729,18,405,359,947,23532,4153,18042,1337
VIRGINIA,2015,4233978,4048077,185901,4.390693575,8382993,16399,383,2340,4441,9235,156470,21340,127019,8111
UTAH,2015,1453456,1401944,51512,3.544104534,2995919,7071,54,1645,1326,4046,89278,12468,68103,8707
MISSOURI,2008,3065278,2875612,189666,6.187562759,5911605,29819,455,1615,7390,20359,216585,45788,150032,20765
MAINE,2000,677466,654968,22498,3.320904665,1274923,1397,15,320,247,815,32003,6775,23906,1322
DISTRICT OF COLUMBIA,2015,388446,361556,26890,6.922455116,672228,8531,162,494,3742,4133,31435,2971,25200,3264
WASHINGTON,2014,3495159,3287906,207253,5.92971593,7061530,20136,174,2695,5640,11627,261706,55290,175769,30647
NORTH DAKOTA,2010,379064,365043,14021,3.698847688,672591,1513,10,237,90,1176,11895,1966,9070,859
SOUTH DAKOTA,2011,445868,425370,20498,4.597324769,824082,2094,21,496,167,1410,14979,2899,11134,946
ARKANSAS,2005,1333890,1263665,70225,5.264676997,2779154,14659,186,1193,2531,10749,112775,30143,75348,7284
CALIFORNIA,2012,18484890,16541045,1943845,10.51585917,38041430,160944,1884,7837,56521,94702,1049465,245767,635090,168608
MISSOURI,2018,3048444,2949965,98479,3.23046774,6126452,30758,607,2912,5197,22042,162173,27257,115101,19815
ALABAMA,2001,2128030,2017471,110559,5.195368486,4464356,19582,379,1369,5584,12250,173253,40642,119992,12619
WEST VIRGINIA,2011,806575,743349,63226,7.83882466,1855364,5861,80,388,910,4483,42189,11192,28743,2254
OKLAHOMA,2000,1655522,1605951,49571,2.994282166,3450654,17177,182,1422,2615,12958,140125,31661,96116,12348
ARKANSAS,2004,1302388,1229550,72838,5.592649809,2752629,13737,176,1166,2372,10023,110464,30099,73874,6491
MONTANA,2010,500901,464814,36087,7.204417639,989415,2693,26,321,157,2189,25169,3654,19989,1526
IDAHO,2009,763638,696834,66804,8.748124111,1545801,3530,22,552,245,2711,30741,6558,22741,1442
UTAH,2014,1415781,1364354,51427,3.632412075,2942902,6346,67,1454,1312,3513,84711,11518,65895,7298
INDIANA,2004,3165260,2993997,171263,5.410708757,6237569,20294,316,1803,6373,11802,211929,42168,148670,21091
ILLINOIS,2005,6410781,6044694,366087,5.710489876,12763371,70392,766,4297,23187,42142,393148,77462,276301,39385
NEW YORK,2012,9602605,8775088,827517,8.61763032,19570261,79610,684,2848,28655,47423,376140,64553,294239,17348
MISSISSIPPI,2003,1304585,1224556,80029,6.134441221,2881281,9380,268,1077,3019,5016,107195,29839,68407,8949
NEW HAMPSHIRE,2002,700554,668985,31569,4.506290736,1275056,2056,12,446,413,1185,26250,4838,19468,1944
WYOMING,2013,302203,287794,14409,4.767987082,582658,1195,17,187,75,916,12809,1955,10276,578
KENTUCKY,2019,2068978,1983873,85105,4.113383516,4467673,9701,221,1572,2161,5747,84769,15443,59130,10196
WISCONSIN,2011,3072157,2839985,232172,7.557296063,5711767,13532,136,1163,4469,7764,138949,26654,104063,8232
ALASKA,2013,363543,338105,25438,6.997246543,735132,4708,34,922,624,3128,21210,2916,16599,1695
MICHIGAN,2004,5056153,4703966,352187,6.965513108,10112620,49577,643,5486,11320,32128,309208,64394,194259,50555
WEST VIRGINIA,2001,796592,753654,42938,5.390212304,1801916,5035,40,320,707,3968,41085,9601,28268,3216
WASHINGTON,2001,3085658,2900356,185302,6.005266948,5987973,21258,179,2600,5934,12545,287234,53024,195133,39077
HAWAII,2018,692457,675848,16609,2.398560488,1420491,3532,36,625,946,1925,40772,5631,29492,5649
WASHINGTON,2005,3259777,3077062,182715,5.60513802,6287759,21745,205,2811,5788,12941,307661,60343,198031,49287
GEORGIA,2015,4734097,4446519,287578,6.074611483,10214860,38643,615,3224,12247,22557,308723,66374,215867,26482
DELAWARE,2010,436194,398387,37807,8.667473647,897934,5575,48,312,1829,3386,30963,7515,21519,1929
RHODE ISLAND,2014,556635,513406,43229,7.766130409,1055173,2313,25,361,529,1398,22935,4823,16279,1833
CONNECTICUT,2019,1938640,1868768,69872,3.604176123,3565287,6546,104,771,1929,3742,50862,6441,38457,5964
ALABAMA,2015,2152304,2020451,131853,6.12613274,4858979,22952,348,2039,4611,15954,144746,35255,99156,10335
OREGON,2002,1834256,1696897,137359,7.488540313,3521515,10298,72,1238,2742,6246,161145,25696,118925,16524
VIRGINIA,2008,4128607,3952728,175879,4.260008279,7769089,19882,368,1758,7437,10319,195634,31993,150382,13259
IDAHO,2000,661075,630230,30845,4.665885111,1293953,3267,16,384,223,2644,37961,7330,28545,2086
WASHINGTON,2013,3460776,3230948,229828,6.640938333,6971406,20153,160,2573,5819,11601,258662,58353,171910,28399
INDIANA,2015,3266401,3109791,156610,4.7945736,6619680,25653,373,2404,7111,15765,171847,34410,123918,13519
NEW YORK,2019,9853964,9474511,379453,3.850765032,19453561,69764,558,6583,18068,44555,267155,27600,226851,12704
MONTANA,2015,517904,495728,22176,4.281874633,1032949,3611,36,547,210,2818,27100,3838,20844,2418
INDIANA,2018,3392587,3276807,115780,3.412734883,6691878,25581,438,2370,5939,16834,145838,25268,105242,15328
WISCONSIN,2017,3141758,3039351,102407,3.259544497,5795483,18539,186,2139,4345,11869,104802,17599,77735,9468
MISSISSIPPI,2015,1260020,1178023,81997,6.507595118,2992333,8254,259,1203,2294,4498,84790,24799,55748,4243
KENTUCKY,2000,1957418,1876241,81177,4.147146905,4041769,11903,193,1091,3256,7363,107723,25308,73141,9274
COLORADO,2008,2734403,2601713,132690,4.852613166,4939456,16946,157,2098,3365,11326,140725,28256,98950,13519
WASHINGTON,2003,3136262,2910012,226250,7.214001891,6131445,21276,184,2864,5718,12510,291544,58268,192657,40619
TEXAS,2010,12260119,11255455,1004664,8.194569726,25145561,113231,1249,7622,32843,71517,951246,228597,654626,68023
NEVADA,2018,1494697,1429287,65410,4.376137772,3034392,16420,202,2329,3862,10027,73985,17743,44338,11904
DISTRICT OF COLUMBIA,2018,395604,373202,22402,5.662733441,702455,6996,160,450,2415,3971,30724,1788,26343,2593
IDAHO,2010,762142,695263,66879,8.775136392,1567582,3465,21,525,214,2705,31286,6502,23462,1322
LOUISIANA,2005,1491214,1389191,102023,6.841606906,4523628,26889,450,1421,5337,19681,166611,39382,112840,14389
ARKANSAS,2009,1353345,1248694,104651,7.732765851,2889450,14959,179,1368,2582,10830,109038,34764,68171,6103
TENNESSEE,2001,2857666,2728623,129043,4.515678179,5740021,42778,425,2196,10219,29938,252992,59705,165015,28272
MONTANA,2000,470076,447387,22689,4.826666326,902195,2171,16,301,249,1605,29707,3946,23805,1956
ILLINOIS,2017,6562302,6237936,324366,4.942869133,12802023,56180,997,5556,17567,32060,257497,43459,193157,20881
MASSACHUSETTS,2012,3506458,3271256,235202,6.707680514,6646144,26953,121,1642,6552,18638,143089,34540,99317,9232
OREGON,2000,1811842,1717626,94216,5.200011922,3421399,12000,70,1286,2888,7756,153780,25618,114230,13932
SOUTH CAROLINA,2013,2197880,2034407,163473,7.437758203,4774839,24278,297,2171,3972,17838,173049,40958,119511,12580
DISTRICT OF COLUMBIA,2000,309977,292299,17678,5.703003771,572059,8626,239,251,3554,4582,33000,4745,21655,6600
MISSOURI,2013,3011199,2807117,204082,6.777433175,6044171,26197,371,2287,5484,18055,189606,38865,134416,16325
GEORGIA,2007,4810273,4573308,236965,4.92622768,9544750,47075,718,2178,17340,26839,372342,90690,239058,42594
SOUTH CAROLINA,2001,1941962,1839249,102713,5.289135421,4063011,29265,255,1380,5310,22320,163838,36831,112247,14760
OREGON,2001,1815082,1699365,115717,6.375304256,3472867,10650,84,1174,2749,6643,164524,26648,123034,14842
IOWA,2007,1662163,1600514,61649,3.708962358,2988046,8805,37,904,1313,6551,78154,16941,56328,4885
MASSACHUSETTS,2002,3436861,3257520,179341,5.218162736,6427801,31137,173,1777,7169,22018,167753,33243,107922,26588
SOUTH DAKOTA,2015,453095,439295,13800,3.045718889,858469,3289,32,495,216,2546,16680,2960,12532,1188
NEW JERSEY,2004,4348047,4134064,213983,4.921358946,8698879,30943,392,1331,13076,16144,211313,41030,139977,30306
OREGON,2012,1964668,1791251,173417,8.826783966,3899353,9653,92,1140,2413,6008,125723,21901,93619,10203
OHIO,2019,5877460,5632578,244882,4.166459661,11689100,34269,538,5731,8846,19154,240291,43894,177725,18672
CALIFORNIA,2014,18676701,17264524,1412177,7.561169395,38802500,153709,1699,11527,48680,91803,947192,202670,592670,151852
LOUISIANA,2003,2024923,1897908,127015,6.272584192,4496334,29062,586,1849,7069,19558,195569,44877,130810,19882
MISSOURI,2009,3061717,2784897,276820,9.041332037,5987580,29444,383,1607,7452,20002,202698,43787,141432,17479
MINNESOTA,2009,2932062,2699977,232085,7.915419251,5266214,12842,74,1789,3619,7360,139083,25488,105076,8519
MAINE,2016,693921,667725,26196,3.775069496,1331479,1648,20,412,266,950,21912,4003,17134,775
CONNECTICUT,2004,1777520,1687124,90396,5.085512399,3503604,10032,91,724,4222,4995,92046,15570,65451,11025
SOUTH DAKOTA,2019,464339,451357,12982,2.795802205,884659,3530,17,642,195,2676,15667,2646,11265,1756
GEORGIA,2019,5160528,4975977,184551,3.57620383,10617423,36170,654,2922,7961,24633,252249,39506,188967,23776
DISTRICT OF COLUMBIA,2012,365176,332412,32764,8.972112077,632323,7864,88,236,4036,3504,30736,3519,23556,3661
IDAHO,2018,862436,837769,24667,2.860154261,1754208,3983,35,791,200,2957,25636,4940,18732,1964
IDAHO,2016,812922,783180,29742,3.658653598,1683140,3876,49,719,213,2895,29357,6318,20962,2077
IOWA,2014,1698722,1626676,72046,4.241188376,3107126,8497,60,1128,1045,6264,65056,14428,46477,4151
RHODE ISLAND,2004,555681,526489,29192,5.253373788,1080632,2673,26,320,731,1596,31166,5465,21623,4078
RHODE ISLAND,2011,562064,500110,61954,11.02258818,1051302,2602,14,304,746,1538,28141,6964,18890,2287
NORTH CAROLINA,2018,4911891,4715617,196274,3.99589486,10383620,39210,628,2633,8423,27526,258979,62290,179057,17632
NEW HAMPSHIRE,2014,743761,711741,32020,4.305146411,1326813,2602,12,594,537,1459,26041,4162,21022,857
MONTANA,2019,543742,524685,19057,3.504787197,1068778,4328,27,624,205,3472,23440,2887,18176,2377
VIRGINIA,2016,4254361,4084833,169528,3.984805239,8411808,18302,484,2737,4803,10278,156412,20018,126606,9788
NORTH CAROLINA,2012,4720207,4271387,448820,9.508481302,9752073,34464,479,1984,9392,22609,328594,99323,213151,16120
OREGON,2005,1848901,1734714,114187,6.175939112,3641056,10444,80,1266,2478,6620,160199,27621,113316,19262
MISSISSIPPI,2019,1278600,1208100,70500,5.513843266,2976149,8272,332,747,1700,5493,70707,18660,46300,5747
WEST VIRGINIA,2014,795730,743952,51778,6.506981011,1850326,5588,74,505,651,4358,37648,8973,26779,1896
VIRGINIA,2000,3606403,3524488,81915,2.271376771,7078515,19943,401,1616,6295,11631,194405,30434,146158,17813
ARIZONA,2002,2683504,2518052,165452,6.165520901,5456453,30171,387,1608,8000,20176,318296,59087,201541,57668
WISCONSIN,2018,3123896,3030654,93242,2.98479847,5813568,17176,176,2248,3489,11263,90686,14099,67953,8634
NEW YORK,2017,9838172,9382751,455421,4.629122158,19849399,70799,548,6324,20108,43819,300555,35002,252143,13410
NORTH CAROLINA,2003,4285408,3997955,287453,6.707716045,8407248,38246,509,2139,12229,23369,359660,100687,232081,26892
ARIZONA,2011,3051938,2763760,288178,9.442459185,6482505,26311,405,2264,7127,16515,230422,54929,155664,19829
SOUTH DAKOTA,2018,459206,446417,12789,2.785024586,882235,3570,12,614,262,2682,15251,2571,11156,1524
NEVADA,2011,1360791,1179654,181137,13.31115506,2723322,15309,141,912,4299,9957,69731,20214,40032,9485
HAWAII,2007,636711,619225,17486,2.746300912,1283388,3501,22,326,1105,2048,54228,9097,38416,6715
MAINE,2008,701930,664446,37484,5.340133632,1316456,1547,31,375,333,808,32285,6522,24587,1176
ALABAMA,2016,2155731,2029159,126572,5.871419022,4863300,25886,407,1916,4686,18877,143362,34065,97574,11723
OKLAHOMA,2018,1831262,1771251,60011,3.27702972,3943079,18380,206,2299,2791,13084,113364,26858,73217,13289
MISSISSIPPI,2000,1309884,1239845,70039,5.346962021,2844658,10267,255,1019,2703,6290,103644,26918,69758,6968
VERMONT,2008,353978,337935,16043,4.532202566,621270,844,17,127,89,611,15771,3462,11724,585
NEW MEXICO,2010,928864,856605,72259,7.779287388,2059179,12126,142,958,1614,9412,70742,21014,44481,5247
NEW MEXICO,2002,866852,819276,47576,5.488364796,1855059,13719,152,1027,2206,10334,80477,19634,53406,7437
NEW JERSEY,2011,4561791,4134709,427082,9.362156223,8821155,27203,380,1006,12209,13608,189719,43238,129066,17415
KENTUCKY,2002,1944687,1832253,112434,5.781598787,4092891,11418,184,1088,3063,7083,107381,27855,70776,8750
OHIO,2010,5871481,5267307,604174,10.28997624,11536504,36366,476,3699,16479,15712,374381,106521,246742,21118
TENNESSEE,2008,3060797,2862102,198695,6.491609865,6214888,44897,408,2062,10800,31627,251245,65006,167015,19224
SOUTH CAROLINA,2016,2286059,2174303,111756,4.88858774,4961119,24896,366,2387,4035,18108,160928,32976,114032,13920
HAWAII,2015,670595,647616,22979,3.426658415,1431603,4201,19,561,1203,2418,54346,6557,42010,5779
KANSAS,2019,1504558,1455266,49292,3.27617812,2913314,11968,105,1416,1293,9154,67428,9984,50165,7279
PENNSYLVANIA,2004,6212835,5878612,334223,5.379556998,12406292,50998,650,3535,18474,28339,299611,54443,214199,30969
MONTANA,2018,535147,515217,19930,3.724210357,1062305,3974,34,551,269,3120,26518,3257,20465,2796
MINNESOTA,2016,3023123,2906351,116772,3.86262815,5519952,13394,101,2348,3728,7217,117756,18606,90422,8728
DISTRICT OF COLUMBIA,2013,374199,342609,31590,8.442032181,646449,8406,103,395,4078,3830,31083,3316,24533,3234
MAINE,2018,700855,678586,22269,3.177404741,1338404,1501,24,446,228,803,18173,2713,14683,777
NEVADA,2009,1367371,1207055,160316,11.72439667,2643085,18559,157,1021,6021,11360,80763,21994,46390,12379
RHODE ISLAND,2018,572664,549530,23134,4.039716134,1057315,2317,16,481,454,1366,17561,2810,13220,1531
NORTH DAKOTA,2012,395496,383894,11602,2.933531565,699628,1712,28,272,131,1281,14063,2377,10535,1151
MASSACHUSETTS,2007,3433228,3277911,155317,4.523934909,6449755,27832,184,1634,7006,19008,154246,35662,103592,14992
FLORIDA,2000,7917863,7620685,297178,3.753260192,15982378,129777,903,7057,31809,90008,780377,172898,518298,89181
COLORADO,2000,2358379,2294111,64268,2.725092108,4301261,14367,134,1774,3034,9425,156937,27133,112843,16961
COLORADO,2019,3105583,3022828,82755,2.66471706,5758736,21938,218,3872,3663,14185,149189,20064,107012,22113
NORTH CAROLINA,2015,4763826,4493884,269942,5.666495796,10042802,34852,517,2684,8825,22826,276183,74841,187907,13435
ALABAMA,2011,2202341,1991382,210959,9.578852684,4802740,20174,301,1371,4910,13592,173190,51117,111411,10662
MINNESOTA,2014,2979803,2852487,127316,4.272631446,5457173,12505,88,2001,3687,6729,125377,20773,96237,8367
NEVADA,2001,1113533,1055771,57762,5.1872733,2106074,12359,180,883,4932,6364,77486,17711,45073,14702
MINNESOTA,2013,2961728,2812453,149275,5.040131977,5420380,12705,114,2008,3674,6909,131195,22713,100516,7966
NEW YORK,2010,9630307,8790613,839694,8.719285896,19378102,75977,866,2771,28473,43867,376161,64973,290755,20433
IOWA,2013,1676575,1597143,79432,4.737754052,3090416,8388,43,1083,939,6323,67800,15868,47686,4246
TENNESSEE,2012,3096321,2849727,246594,7.964096746,6456243,41550,388,2032,8169,30961,217664,56181,148503,12980
MONTANA,2009,502602,466780,35822,7.127309481,974989,2473,28,294,216,1935,24024,3386,19182,1456
NEW HAMPSHIRE,2012,740798,700448,40350,5.44682896,1320718,2481,15,449,472,1545,30693,5444,24226,1023
NEW JERSEY,2013,4528021,4147661,380360,8.40013772,8899339,25674,401,1120,12082,12071,167556,35873,117936,13747
ARIZONA,2017,3240111,3079700,160411,4.95078718,7016270,35644,416,3581,7440,24207,204515,37627,147830,19058
ILLINOIS,2003,6310532,5885145,425387,6.740905521,12653544,70456,896,4167,23809,41584,415593,78288,295541,41764
KANSAS,2010,1500470,1396175,104295,6.950822076,2853118,10531,100,1107,1544,7780,89015,19404,63602,6009
IDAHO,2008,759678,721828,37850,4.982374111,1523816,3483,23,551,241,2668,32019,6701,23650,1668
WISCONSIN,2005,3029663,2904685,124978,4.125145272,5536201,13371,194,1142,4550,7485,147275,24406,110323,12546
NEW YORK,2008,9641103,9121271,519832,5.391831204,19490297,77585,836,2801,31778,42170,388533,65735,297684,25114
MISSISSIPPI,2016,1271842,1196246,75596,5.943820066,2988726,8383,238,1277,2397,4471,82732,23354,55054,4324
DISTRICT OF COLUMBIA,2001,311232,291080,20152,6.474912605,571822,9931,232,188,3943,5568,34154,5011,21473,7670
VERMONT,2000,334033,324664,9369,2.804812698,608827,691,9,140,117,425,17494,3501,13184,809
NORTH CAROLINA,2005,4348840,4105118,243722,5.604299077,8683242,40650,585,2302,12635,25128,353855,104298,221091,28466
TENNESSEE,2019,3335279,3223669,111610,3.346346737,6829174,40647,498,2813,6150,31186,181153,29869,132104,19180
COLORADO,2007,2687746,2588339,99407,3.698526572,4861515,16906,153,1998,3453,11302,146141,28751,100598,16792
TENNESSEE,2016,3136405,2987681,148724,4.7418621,6651194,42097,486,2714,7813,31084,189835,40312,134404,15119
TENNESSEE,2002,2898959,2750430,148529,5.123528825,5797289,41562,420,2290,9413,29439,249399,61248,161610,26541
NEW MEXICO,2013,929411,865209,64202,6.90781581,2085287,12782,125,1465,1810,9382,77256,21476,49875,5905
VERMONT,2013,350177,334684,15493,4.42433398,626630,759,10,130,73,546,13875,3313,10228,334
LOUISIANA,2017,2108497,2000494,108003,5.122274303,4684333,26092,582,1867,5358,18285,157712,34265,112485,10962
RHODE ISLAND,2007,571085,541955,29130,5.100816866,1057832,2404,19,256,751,1378,27743,5236,19281,3226
NEW JERSEY,2008,4495940,4251458,244482,5.437839473,8682661,28351,376,1122,12701,14152,199126,40401,138545,20180
OREGON,2015,1979479,1871287,108192,5.465680616,4028977,10468,99,1593,2146,6630,118719,18336,89836,10547
WEST VIRGINIA,2000,799088,754460,44628,5.584866748,1808344,5723,46,331,749,4597,41344,9890,28139,3315
NEBRASKA,2010,992023,945203,46820,4.719648637,1826341,5104,54,672,1025,3353,48821,8326,36881,3614
ALABAMA,2007,2180457,2092037,88420,4.055113217,4627851,20732,412,1545,7398,11377,183798,45331,124237,14230
NEW JERSEY,2005,4387305,4192398,194907,4.442522232,8717925,30919,417,1208,13215,16079,203391,38980,136728,27683
KANSAS,2008,1493365,1425024,68341,4.576309208,2802134,11505,113,1190,1684,8518,94635,19612,67628,7395
VIRGINIA,2013,4238394,4002067,236327,5.575861989,8260405,16205,316,2262,4565,9062,170654,26640,135478,8536
NEW JERSEY,2012,4576285,4147221,429064,9.375814662,8864590,25727,388,1035,11385,12919,181481,42338,122662,16481
WASHINGTON,2007,3401406,3244796,156610,4.604272469,6468424,21546,173,2629,6053,12691,260729,52704,170403,37622
CALIFORNIA,2000,16837548,16011625,825923,4.905245111,33871648,210531,2079,9785,60249,138418,1056183,222293,651855,182035
INDIANA,2017,3333704,3217052,116652,3.499170892,6666818,26598,397,2625,6600,16976,161132,30140,115591,15401
LOUISIANA,2015,2150066,2015088,134978,6.277853796,4670724,25208,481,1723,5550,17454,156629,35453,111435,9741
MARYLAND,2014,3125018,2945911,179107,5.731390987,5976407,26661,365,1619,9544,15133,149859,28012,108745,13102
MASSACHUSETTS,2003,3419000,3223297,195703,5.723983621,6433422,30196,142,1798,7985,20271,164018,34722,103790,25506
CONNECTICUT,2009,1888385,1731366,157019,8.314988734,3518288,10508,107,651,3990,5760,82181,15073,59632,7476
VERMONT,2018,355347,346556,8791,2.473919859,626299,1077,10,287,70,710,8036,1467,6316,253
WISCONSIN,2013,3077806,2871987,205819,6.687198608,5742713,15961,162,1687,4834,9278,125688,24347,93953,7388
ARIZONA,2010,3096319,2777405,318914,10.29977854,6392017,26085,409,2165,6937,16574,225893,50771,153614,21508
WISCONSIN,2010,3082942,2820622,262320,8.508755598,5686986,14142,155,1187,4504,8296,142612,26566,107908,8138
DELAWARE,2013,443550,414215,29335,6.613685041,925749,4549,39,380,1226,2904,28379,6131,20916,1332
MARYLAND,2013,3128911,2924630,204281,6.52882105,5928814,28089,381,1532,10048,16128,157913,31949,112546,13418
WISCONSIN,2009,3112497,2833293,279204,8.970418285,5654774,14533,144,1108,4850,8431,147486,26740,111820,8926
DELAWARE,2018,480370,462545,17825,3.71068135,967171,4097,48,338,866,2845,22481,3158,17847,1476
ALASKA,2003,332496,306966,25530,7.678287859,648818,3850,39,600,444,2767,24280,3855,17977,2448
COLORADO,2012,2749201,2529789,219412,7.980937007,5187582,16023,162,2113,3395,10353,139270,26157,101021,12092
VERMONT,2002,343233,330074,13159,3.833838821,616592,658,13,126,77,442,14942,3489,10684,769
MINNESOTA,2003,2893378,2754859,138519,4.787449134,5059375,13288,128,2083,3904,7173,157691,27696,116236,13759
NORTH DAKOTA,2004,353659,341698,11961,3.38207143,634366,504,9,159,39,297,12158,1910,9342,906
OKLAHOMA,2005,1709298,1635010,74288,4.346111679,3547884,18044,187,1481,3230,13146,143406,35692,93814,13900
MISSOURI,2001,2987924,2853166,134758,4.510087941,5629707,30472,372,1383,7771,20946,238411,42977,167420,28014
OREGON,2009,1968374,1755161,213213,10.83193539,3825657,9744,85,1168,2461,6030,113511,19377,84265,9869
MARYLAND,2009,3049871,2819399,230472,7.556778631,5699478,33623,438,1156,12007,20022,182422,37032,125771,19619
MAINE,2009,697713,639124,58589,8.397292296,1318301,1579,26,376,399,778,31685,6728,23936,1021
NEW MEXICO,2019,956099,908705,47394,4.957018049,2096829,17450,181,1288,2341,13640,65269,14610,41702,8957
ARKANSAS,2011,1357823,1250432,107391,7.909057366,2937979,14129,162,1213,2428,10326,110295,34471,70012,5812
TEXAS,2013,12832057,12022275,809782,6.31061723,26448193,107998,1139,9766,31801,65292,861734,190898,605091,65745
WASHINGTON,2019,3933882,3766966,166916,4.243035251,7614893,22377,198,3332,5147,13700,204224,34540,145282,24402
NORTH CAROLINA,2010,4633703,4135786,497917,10.74555275,9535483,34653,476,2013,9610,22554,328719,102690,207719,18310
IDAHO,2001,678281,643914,34367,5.066779108,1321006,3211,30,425,245,2511,38181,7507,28285,2389
PENNSYLVANIA,2011,6381748,5886745,495003,7.756542565,12742886,45240,637,3324,16131,25148,283179,57850,208485,16844
NORTH CAROLINA,2013,4701398,4336385,365013,7.763924688,9848060,33700,469,2369,9349,21513,308049,90702,202741,14606
SOUTH CAROLINA,2018,2282028,2205359,76669,3.359687085,5084127,24825,392,2434,3553,18446,153421,29473,109616,14332
RHODE ISLAND,2016,553234,524441,28793,5.204488517,1056426,2524,29,442,540,1513,20058,3788,14674,1596
INDIANA,2003,3178569,3011513,167056,5.255698398,6195643,21856,341,1720,6403,13392,208034,41581,145685,20768
PENNSYLVANIA,2001,6178910,5882822,296088,4.791913137,12287150,50432,651,3467,17500,28814,313408,54345,223350,35713
OREGON,2017,2075687,1991506,84181,4.055572926,4142776,11674,104,1999,2432,7139,123722,17705,88877,17140
DISTRICT OF COLUMBIA,2002,308760,287196,21564,6.984065293,570898,9322,264,262,3834,4962,36477,5170,21708,9599
TEXAS,2012,12639479,11794983,844496,6.681414637,26059203,106476,1144,7711,30382,67239,876059,204810,606253,64996
WISCONSIN,2015,3084210,2947053,137157,4.447070725,5771337,17647,240,1780,5232,10395,113924,19554,83385,10985
NEW JERSEY,2017,4614956,4406152,208804,4.524506843,9005644,20604,324,1505,7895,10880,140086,23891,104025,12170
NORTH DAKOTA,2001,342526,332808,9718,2.837156887,634448,505,7,164,60,274,14834,2165,11583,1086
MISSOURI,2017,3053541,2939315,114226,3.740771779,6113532,32420,600,2729,6351,22740,173253,30081,123251,19921
DISTRICT OF COLUMBIA,2009,338113,304277,33836,10.00730525,599657,8071,144,150,4389,3388,28456,3696,19228,5532
WEST VIRGINIA,2013,799484,745852,53632,6.708326871,1854304,5568,61,653,651,4203,39013,9674,27423,1916
NEBRASKA,2014,1012734,979731,33003,3.25880241,1881503,5275,54,862,1043,3316,47479,7950,35074,4455
VIRGINIA,2003,3772558,3609341,163217,4.326427851,7386330,20375,413,1773,6672,11517,199731,28919,152898,17914
ILLINOIS,2008,6652948,6222182,430766,6.474813872,12901563,67780,790,4118,24054,38818,378355,78968,266815,32572
NORTH DAKOTA,2007,367564,356435,11129,3.027772034,639715,911,12,207,70,622,12088,2164,9010,914
NEW JERSEY,2000,4287640,4130824,156816,3.65739661,8414350,32298,289,1357,13553,17099,233637,43924,155562,34151
ALABAMA,2009,2156595,1938784,217811,10.09976375,4708708,21179,323,1504,6259,13093,177629,48837,117711,11081
ARIZONA,2013,3064554,2825341,239213,7.805801431,6626624,27599,357,3050,6702,17490,225243,48533,159272,17438
KANSAS,2004,1458923,1378359,80564,5.522155727,2735502,10245,123,1104,1813,7205,108694,19999,80260,8435
MISSISSIPPI,2014,1243941,1149280,94661,7.609766058,2994079,8338,258,1058,2430,4592,87462,24352,58591,4519
MONTANA,2002,466414,445125,21289,4.564399868,909453,3197,16,237,283,2661,28751,3289,23679,1783
MISSISSIPPI,2018,1268048,1205346,62702,4.944765498,2986530,6999,171,537,1595,4696,71766,20839,46627,4300
NEVADA,2005,1228452,1177590,50862,4.140332711,2414807,14654,206,1016,4702,8730,102424,23481,52012,26931
MISSOURI,2019,3074825,2975707,99118,3.223533047,6137428,30380,568,2917,4959,21936,161946,26414,114460,21072
OREGON,2013,1924696,1775142,149554,7.770266058,3930065,9984,80,1897,2397,5610,124737,20769,94106,9862
SOUTH DAKOTA,2009,441302,421122,20180,4.57283221,812383,1508,21,445,111,931,13968,2479,10676,813
FLORIDA,2008,9156464,8636213,520251,5.681789389,18328340,126265,1168,5972,36273,82852,758934,188467,506958,63509
CONNECTICUT,2003,1785735,1688380,97355,5.451816759,3483372,10736,104,652,4146,5834,90801,15609,64166,11026
MINNESOTA,2004,2893486,2760750,132736,4.587407715,5100958,13751,113,2123,4070,7445,155019,28048,113453,13518
NEW JERSEY,2016,4492824,4271202,221622,4.932799504,8944469,21914,372,1453,8984,11105,138152,25284,101540,11328
ARIZONA,2014,3118444,2906194,212250,6.806279029,6731484,26916,319,3378,6249,16970,215240,43562,154091,17587
OKLAHOMA,2019,1840223,1782412,57811,3.141521435,3956971,17086,266,2268,2369,12183,112587,26577,72632,13378
ARIZONA,2015,3184449,2990548,193901,6.088996872,6828065,28012,309,3108,6360,18235,207107,37957,152365,16785
OKLAHOMA,2007,1723269,1654797,68472,3.973378503,3617316,18072,222,1559,3373,12918,127562,34121,79982,13459
WASHINGTON,2002,3101002,2881328,219674,7.083968343,6068996,20964,184,2734,5797,12249,288967,54948,193526,40493
ALABAMA,2000,2147180,2047733,99447,4.631516687,4447100,21620,329,1482,5702,14107,180539,40331,127399,12809
LOUISIANA,2007,2026801,1943653,83148,4.102425448,4293204,31317,608,1393,6083,23233,174991,44602,115209,15180
DELAWARE,2016,468808,447640,21168,4.515281309,952065,4844,56,308,1359,3121,26334,5023,19791,1520
SOUTH DAKOTA,2013,447478,430835,16643,3.719288993,844877,2674,20,499,159,1996,16177,3372,11867,938
INDIANA,2005,3202221,3029264,172957,5.401157509,6271973,20302,356,1856,6809,11281,216778,43756,151278,21744
ILLINOIS,2019,6550309,6289519,260790,3.981338896,12671821,51561,832,6078,12464,32187,233984,34433,180776,18775
CALIFORNIA,2005,17537941,16593626,944315,5.384412001,36132147,190178,2503,9392,63622,114661,1200531,250521,692467,257543
MONTANA,2016,521742,499269,22473,4.30730131,1042520,3840,36,578,266,2960,27976,3934,21299,2743
UTAH,2005,1280655,1228825,51830,4.047147749,2469585,5612,56,920,1095,3541,95546,14971,72082,8493
NORTH CAROLINA,2011,4657881,4180077,477804,10.25796924,9656401,33774,508,1995,9550,21721,340562,106144,217386,17032
WISCONSIN,2016,3110468,2988743,121725,3.913398241,5778708,17679,229,1979,4706,10765,111720,19425,82337,9958
CALIFORNIA,2019,19413249,18617933,795316,4.09676917,39512223,174331,1690,14799,52301,105541,921114,152555,626802,141757
MAINE,2012,700737,650319,50418,7.194996126,1329192,1631,25,372,423,811,33361,7461,24905,995
MISSOURI,2012,3004354,2789028,215326,7.167131437,6021988,27155,389,1511,5782,19473,199590,42466,140816,16308
ARKANSAS,2001,1261431,1201321,60110,4.765222989,2692090,12190,148,892,2181,8969,99106,22196,69590,7320
CONNECTICUT,2001,1749199,1698596,50603,2.892924133,3425074,11492,105,639,4183,6565,95299,17159,65762,12378
MONTANA,2013,511203,483801,27402,5.360297181,1015165,2567,22,410,204,1931,25953,4064,20039,1850
OREGON,2019,2094783,2017199,77584,3.703677183,4217737,11995,116,1778,2276,7825,115170,14724,85261,15185
NEW MEXICO,2017,948581,890989,57592,6.071384521,2088070,16359,148,1259,3722,11230,82306,17917,52617,11772
CONNECTICUT,2012,1887549,1729690,157859,8.363173618,3590347,10160,146,919,3687,5408,76834,14711,55674,6449
KANSAS,2002,1419340,1347168,72172,5.084898615,2715884,10229,78,1035,2165,6951,100768,19679,73877,7212
MISSOURI,2007,3058128,2902512,155616,5.088603224,5878415,29682,385,1714,7165,20418,219759,43446,152529,23784
MICHIGAN,2007,4994856,4640181,354675,7.100805309,10071822,53988,676,4579,13414,35319,308775,75428,191196,42151
GEORGIA,2013,4750063,4363301,386762,8.142249903,9992167,36541,556,2582,12488,20915,334399,82258,225315,26826
NEBRASKA,2003,967048,928917,38131,3.943030749,1739291,5026,56,495,1162,3313,64552,10072,48356,6124
ALABAMA,2005,2140361,2045235,95126,4.444390456,4557808,19678,374,1564,6447,11293,177393,43473,120780,13140
UTAH,2001,1162874,1112047,50827,4.370808875,2269789,5314,67,896,1197,3154,90993,13804,70676,6513
MISSOURI,2002,2981106,2823365,157741,5.291358308,5672579,30557,331,1465,7024,21737,230520,42721,159921,27878
MISSISSIPPI,2007,1293341,1213554,79787,6.169061369,2918785,8502,208,1040,2866,4388,93424,27959,58084,7381
FLORIDA,2004,8347318,8033589,313729,3.758440735,17397161,123754,946,6612,29997,86199,727141,166332,482484,78325
CALIFORNIA,2018,19289508,18469911,819597,4.248926411,39557045,176982,1739,15505,54326,105412,941618,164632,621775,155211
CALIFORNIA,2004,17374508,16293557,1080951,6.22147689,35893799,198070,2392,9615,61768,124295,1227194,245903,728687,252604
HAWAII,2010,648549,604210,44339,6.836646113,1360301,3574,24,365,1054,2131,45083,8663,31320,5100
ILLINOIS,2007,6639205,6301410,337795,5.087883263,12852548,68528,752,4103,23100,40573,377322,75524,267911,33887
MISSISSIPPI,2002,1290798,1207800,82998,6.429975875,2871782,9858,264,1127,3356,5111,109584,29593,70468,9523
MAINE,2014,698038,659008,39030,5.591386142,1330089,1700,21,485,304,890,26421,5030,20592,799
MICHIGAN,2016,4848646,4606954,241692,4.98473182,9928300,45572,598,7125,7120,30729,189620,39568,129876,20176
KENTUCKY,2003,1965898,1844388,121510,6.180890362,4117827,10777,188,1054,3196,6339,110418,27656,73396,9366
TEXAS,2011,12499615,11498881,1000734,8.006118588,25674681,104873,1126,7439,28395,67913,891499,215223,612938,63338
IOWA,2010,1674418,1571962,102456,6.11890221,3046355,8333,39,836,1011,6447,68315,16656,47883,3776
TEXAS,2014,13006225,12333090,673135,5.175483278,26956958,109414,1184,11393,31181,65656,813934,169234,576154,68546
COLORADO,2003,2490398,2338430,151968,6.102157165,4550688,15706,177,1893,3735,9901,179340,32370,124271,22699
NEW HAMPSHIRE,2007,737925,712024,25901,3.509977301,1315828,1807,15,333,432,1027,24896,4986,18611,1299
NORTH DAKOTA,2019,413857,404799,9058,2.188678698,762062,2169,24,437,179,1529,15066,2608,10666,1792
VIRGINIA,2004,3814543,3658425,156118,4.092705207,7459827,20559,391,1766,6906,11496,199668,28793,153464,17411
RHODE ISLAND,2000,542518,520815,21703,4.000420263,1048319,3121,45,412,922,1742,33323,6620,22038,4665
VERMONT,2019,353503,346015,7488,2.118228134,623989,1262,11,278,71,902,8888,1275,7315,298
ALASKA,2010,361708,332185,29523,8.162108662,710231,4537,31,533,594,3379,20259,3105,15535,1619
ARIZONA,2018,3325720,3166012,159708,4.802208244,7171646,34058,369,3638,6523,23528,191974,31532,141303,19139
DELAWARE,2003,415889,397309,18580,4.467538213,817491,5379,24,353,1389,3613,27667,5966,18821,2880
UTAH,2019,1618701,1577593,41108,2.539567221,3205958,7553,72,1822,1125,4534,69546,8871,53937,6738
MAINE,2011,698983,644969,54014,7.727512686,1328188,1636,26,393,369,848,33809,7854,24877,1078
ILLINOIS,2010,6612443,5918209,694234,10.49890336,12830632,55835,706,3033,20054,32042,343989,75399,239794,28796
ARKANSAS,2012,1349888,1251879,98009,7.260528281,2949131,13835,173,1247,2320,10095,107941,31890,70327,5724
LOUISIANA,2016,2123693,1994637,129056,6.076961218,4681666,26502,554,1816,5576,18556,154386,34667,109380,10339
ARIZONA,2001,2593663,2470816,122847,4.73642875,5307331,28675,400,1518,8868,17889,293874,54821,186850,52203
WYOMING,2011,302933,284274,18659,6.159447799,568158,1246,18,146,71,1011,12877,1863,10493,521
KENTUCKY,2005,1991733,1874750,116983,5.873427814,4173405,11134,190,1421,3690,5833,105608,26458,70354,8796
MASSACHUSETTS,2013,3516692,3283146,233546,6.641070643,6692824,27667,137,2718,6706,18106,137285,30735,97428,9122
KANSAS,2001,1398526,1338774,59752,4.27249833,2694641,10909,92,945,2423,7449,105537,20514,77038,7985
ARIZONA,2008,3095991,2916697,179294,5.791166706,6500180,29059,407,1673,9697,17282,278920,56481,185221,37218
CALIFORNIA,2003,17271903,16081516,1190387,6.892043106,35484453,205551,2407,9994,63770,129380,1215086,242274,731486,241326
ARKANSAS,2014,1327962,1249765,78197,5.888496809,2966369,14243,165,1763,2050,10265,99018,24790,68627,5601
COLORADO,2011,2730263,2493472,236791,8.67282749,5116796,16383,149,2278,3306,10650,133361,25768,96546,11047
WISCONSIN,2004,3034620,2883573,151047,4.97746011,5509026,11548,154,1136,4067,6191,146710,23854,111482,11374
SOUTH DAKOTA,2010,443622,421817,21805,4.915220616,814180,2186,23,390,154,1619,15082,3181,11106,795
DISTRICT OF COLUMBIA,2017,393326,369388,23938,6.086045672,693972,6974,116,444,2623,3791,29729,1809,25333,2587
IDAHO,2007,755288,732153,23135,3.063069981,1499402,3589,49,578,233,2729,33685,6977,24482,2226
HAWAII,2001,607557,581379,26178,4.308731526,1224398,3117,32,409,1142,1534,62830,11162,44925,6743
KENTUCKY,2010,2065027,1852306,212721,10.30112439,4339367,10528,187,1381,3748,5212,110709,30311,74189,6209
MISSOURI,2011,3032972,2770666,262306,8.648480764,6010688,26889,366,1458,6269,18796,198882,44822,138743,15317
KANSAS,2005,1458772,1384659,74113,5.080506069,2744687,10634,102,1055,1793,7684,103941,18917,75702,9322
MARYLAND,2003,2881029,2742967,138062,4.792107264,5508909,38778,525,1358,13302,23593,209418,38641,134372,36405
VERMONT,2005,349520,337413,12107,3.463893339,623050,746,8,145,73,520,14210,3064,10505,641
OREGON,2010,1991751,1778035,213716,10.73005612,3831074,9655,91,1214,2390,5960,115428,19637,86879,8912
INDIANA,2012,3172561,2911927,260634,8.215255751,6537334,22602,310,1667,6598,14027,198032,47612,136759,13661
NORTH DAKOTA,2018,412073,402207,9866,2.394235973,760077,2133,18,397,158,1560,15507,2724,11008,1775
NORTH CAROLINA,2019,4993480,4801095,192385,3.852723952,10488084,38995,632,3247,7599,27517,247236,54447,174728,18061
LOUISIANA,2014,2141526,2007673,133853,6.250356055,4649676,23934,477,1375,5695,16387,160824,38337,112596,9891
TEXAS,2000,10388372,9932988,455384,4.383593502,20851820,113653,1238,7856,30257,74302,919658,188975,637522,93161
MONTANA,2011,501064,467785,33279,6.641666534,998199,2670,28,357,169,2116,23155,3390,18307,1458
DISTRICT OF COLUMBIA,2011,352193,316372,35821,10.17084383,617996,7429,108,173,4093,3055,29636,3850,21330,4456
HAWAII,2005,622530,607853,14677,2.357637383,1275194,3253,24,343,1001,1885,61115,9792,42188,9135
MISSOURI,2015,3057872,2901473,156399,5.114635276,6083672,30261,502,2553,6376,20830,173642,34006,122637,16999
NEBRASKA,2005,972766,935919,36847,3.787858539,1758787,5048,44,579,1040,3385,60207,9363,45277,5567
VERMONT,2010,359696,336925,22771,6.330623638,625741,815,7,132,74,602,14281,3366,10474,441
COLORADO,2013,2766149,2579573,186576,6.744972885,5268367,16226,178,2934,3151,9963,140057,25081,102443,12533
CALIFORNIA,2017,19185368,18258066,927302,4.833381356,39536653,177627,1830,14721,56622,104454,987114,176690,642033,168391
NORTH DAKOTA,2016,411783,399002,12781,3.103819245,757952,1903,15,342,181,1365,17402,3243,12195,1964
VERMONT,2003,346378,331240,15138,4.370369943,619107,682,14,121,60,487,13621,2958,10017,646
LOUISIANA,2004,2030424,1914522,115902,5.70826586,4515770,28844,574,1616,6564,20090,199153,45359,134080,19714
MISSISSIPPI,2010,1309139,1176944,132195,10.09785821,2967297,8003,208,927,2779,4089,88574,30444,52770,5360
COLORADO,2005,2572386,2442133,130253,5.063509131,4665177,18498,173,2026,3948,12351,188449,34746,127602,26101
IOWA,2018,1711823,1667823,44000,2.570359202,3156145,7893,54,976,932,5931,53385,11127,37571,4687
TENNESSEE,2005,2898504,2738231,160273,5.529507636,5962959,44891,432,2171,9974,32314,254948,61233,168637,25078
CONNECTICUT,2014,1889102,1764119,124983,6.616000618,3596677,8522,86,782,3159,4495,69070,11955,51005,6110
GEORGIA,2010,4709787,4207267,502520,10.66969695,9687653,39072,558,2093,12373,24048,352679,96723,225651,30305
KANSAS,2009,1512584,1408145,104439,6.904674385,2818747,11278,119,1096,1786,8277,90420,19469,64997,5954
MAINE,2015,687852,657547,30305,4.405744259,1329328,1729,23,474,311,921,24327,4684,18829,814
DELAWARE,2012,445963,414490,31473,7.057311929,917092,5020,57,243,1492,3228,30639,7371,21832,1436
SOUTH DAKOTA,2012,447072,428952,18120,4.053038437,833354,2682,25,585,158,1914,17168,3258,12845,1065
OHIO,2015,5710784,5427854,282930,4.954311002,11613423,33898,500,5149,12554,15695,300525,69303,213993,17229
DISTRICT OF COLUMBIA,2019,399857,377800,22057,5.516222049,705749,7403,166,345,2713,4179,30821,1843,26645,2333
COLORADO,2017,2963796,2885982,77814,2.625484345,5607154,20638,221,3858,3838,12721,151483,22813,106809,21861
IDAHO,2003,691704,653300,38404,5.552085863,1366332,3316,25,508,244,2539,39742,7791,29342,2609
MINNESOTA,2001,2847963,2740874,107089,3.760196323,4972294,13145,119,2236,3758,7032,165046,25496,124519,15031
ALASKA,2017,360591,337107,23484,6.512641746,739795,6133,62,863,951,4257,26204,4171,17775,4258
UTAH,2003,1197251,1130791,66460,5.551049863,2351467,5845,58,892,1255,3640,99362,16769,74829,7764
ILLINOIS,2015,6511808,6119941,391867,6.017791065,12859995,49354,744,4821,14910,28879,255729,46443,191634,17652
MISSISSIPPI,2004,1314989,1234122,80867,6.149633191,2902966,8568,227,1161,2503,4677,100980,27661,65440,7879
MASSACHUSETTS,2015,3589408,3417294,172114,4.795052555,6794422,26562,128,2075,5288,19071,114871,21890,84912,8069
IOWA,2008,1682223,1612462,69761,4.146953169,3002555,8520,76,888,1248,6308,72689,16450,51907,4332
HAWAII,2008,641525,615766,25759,4.0152761,1288198,3512,25,365,1086,2036,46004,9379,31492,5133
MISSISSIPPI,2005,1317414,1217367,100047,7.594195902,2921088,8131,214,1147,2405,4365,95231,26866,60873,7492
TEXAS,2017,13474010,12888029,585981,4.348972578,28304596,124238,1412,14470,32267,76089,725328,134066,523221,68041
NORTH CAROLINA,2000,4127483,3972819,154664,3.747174731,8049313,40051,560,2181,12595,24715,355921,97888,232767,25266
MARYLAND,2007,2989316,2877993,111323,3.724029176,5618344,36062,553,1179,13258,21072,192796,37095,127308,28393
DISTRICT OF COLUMBIA,2016,395124,370553,24571,6.218554175,681170,8214,139,532,3480,4063,32716,2361,27382,2973
IOWA,2011,1670062,1575769,94293,5.64607781,3062309,7826,46,834,825,6121,71361,17400,50025,3936
VERMONT,2014,348693,334740,13953,4.001514226,626562,622,10,110,70,432,9551,2034,7273,244
ILLINOIS,2016,6559053,6172680,386373,5.890682695,12801539,55854,1054,4908,17827,32065,262306,47989,194407,19910
MICHIGAN,2011,4668985,4201789,467196,10.00637183,9876187,43983,613,4347,10393,28630,257979,71596,160887,25496
NEBRASKA,2012,1012810,973448,39362,3.886415024,1855525,4814,53,711,1130,2920,51118,8735,38236,4147
HAWAII,2012,650415,611984,38431,5.908689068,1392313,3330,29,285,1040,1976,42817,7979,31233,3605
MAINE,2019,697789,677458,20331,2.913631485,1344212,1548,20,516,188,824,16743,2350,13667,726
ILLINOIS,2004,6348738,5955750,392988,6.190017607,12713634,69026,776,4216,22532,41502,405070,75944,288771,40355
ALASKA,2012,364155,337836,26319,7.227416897,731449,4412,30,583,630,3169,20037,2950,15565,1522
OHIO,2007,6017212,5679266,337946,5.616321978,11466917,39360,516,4452,18260,16132,396209,98508,263922,33779
UTAH,2012,1348559,1284151,64408,4.776060966,2855287,5876,50,943,1100,3783,85424,12943,66482,5999
WEST VIRGINIA,2004,789535,743993,45542,5.768205336,1815354,4924,68,320,768,3768,45497,10932,30826,3739
MISSISSIPPI,2013,1273061,1164832,108229,8.501477934,2991207,8214,195,930,2409,4680,81500,24995,52117,4388
MISSOURI,2005,3011102,2847799,163303,5.423363274,5800310,30477,402,1625,7196,21254,227809,42822,159288,25699
WYOMING,2004,274735,264188,10547,3.8389721,506529,1163,11,112,67,973,16889,2738,13352,799
CALIFORNIA,2009,18305953,16193125,2112828,11.54175366,36961664,174459,1972,8713,64093,99681,1009614,230137,615456,164021
MICHIGAN,2009,4860047,4221466,638581,13.13939968,9969727,49547,627,4514,12330,32076,282918,75815,177720,29383
INDIANA,2000,3125312,3030889,94423,3.02123436,6080485,21230,352,1759,6282,12837,206905,41108,144707,21090
NEW JERSEY,2014,4493895,4191318,302577,6.733067862,8938175,23346,349,1274,10498,11225,154993,31710,111578,11705
SOUTH DAKOTA,2007,436304,423915,12389,2.839533903,796214,1347,17,308,112,910,13156,2378,10043,735
MAINE,2004,685968,654079,31889,4.648759126,1317253,1364,18,315,289,742,31740,6341,24096,1303
OHIO,2004,5853726,5487221,366505,6.261054925,11459011,39163,517,4646,17543,16457,420910,96954,283103,40853
TEXAS,2008,11677749,11110513,567236,4.857408735,24326974,123564,1374,8014,37753,76423,969570,230123,654097,85350
NEW MEXICO,2009,928376,862690,65686,7.075366015,2009671,12440,175,1057,1870,9338,75078,22022,46580,6476
WISCONSIN,2002,3016764,2856237,160527,5.321165328,5441196,12238,154,1237,4713,6134,164749,27926,123365,13458
SOUTH DAKOTA,2014,450773,435736,15037,3.335825349,853175,2786,20,470,200,2096,15902,2818,12077,1007
RHODE ISLAND,2010,571506,504957,66549,11.64449717,1052567,2701,29,296,780,1596,26910,6121,18390,2399
MICHIGAN,2019,4976013,4773456,202557,4.070668626,9986857,43686,556,7235,5350,30545,158296,28572,111980,17744
OHIO,2011,5773487,5263733,509754,8.829222271,11544951,35484,513,3631,16057,15283,387297,112709,253520,21068
MINNESOTA,2017,3071011,2963832,107179,3.490023318,5576606,13291,113,2385,3621,7172,122212,18787,93446,9979
OREGON,2016,2042936,1946236,96700,4.733383718,4093465,10830,113,1721,2278,6718,121345,16866,91286,13193
WYOMING,2010,301894,280952,20942,6.936871882,563626,1104,8,164,76,856,13874,2149,11134,591
TEXAS,2016,13346855,12728903,617952,4.629944657,27862596,121042,1478,13367,33317,72880,768947,148740,551151,69056
NEBRASKA,2019,1051560,1018711,32849,3.123835064,1934408,5821,45,1253,792,3731,39449,4745,29719,4985
SOUTH DAKOTA,2001,413499,401073,12426,3.005085865,756600,1171,7,351,103,710,16473,3087,12571,815
ALABAMA,2018,2240111,2152268,87843,3.921368182,4887871,25399,383,1996,4076,18944,137700,28841,95747,13112
ALABAMA,2013,2172103,2012829,159274,7.33270936,4833722,20826,347,2044,4648,13787,161993,42429,108993,10571
COLORADO,2010,2715726,2467000,248726,9.158729563,5029196,16133,120,2198,3132,10683,134992,26153,97592,11247
MASSACHUSETTS,2019,3841327,3725146,116181,3.024501689,6892503,22578,152,2204,3613,16609,81317,12341,62844,6132
IDAHO,2011,764208,701661,62547,8.18455185,1584985,3184,36,435,184,2529,32787,6920,24534,1333
VIRGINIA,2014,4258861,4040912,217949,5.117541991,8326289,16340,338,2310,4292,9400,160720,23122,129933,7665
OREGON,2011,1995934,1804259,191675,9.603273455,3871859,9586,82,1217,2222,6065,120594,20448,91099,9047
NEW MEXICO,2015,938301,876206,62095,6.617812408,2085109,13681,117,1672,2485,9407,77094,17085,51483,8526
FLORIDA,2018,10118319,9749606,368713,3.644014386,21299325,81980,1107,8438,16884,55551,486017,71933,372919,41165
MAINE,2005,695294,661183,34111,4.905982218,1321505,1483,19,326,323,815,31889,6323,24218,1348
NEW MEXICO,2004,890467,841004,49463,5.554725779,1903289,13081,169,1039,2062,9811,79895,19924,52069,7902
ARKANSAS,2010,1353637,1247058,106579,7.873528871,2915918,14735,138,1312,2372,10913,103775,32511,65720,5544
ALABAMA,2002,2112630,1987637,124993,5.916464312,4486508,19931,303,1664,5962,12002,180400,42578,123932,13890
NEVADA,2007,1344206,1282411,61795,4.597137641,2565382,19257,192,1096,6932,11037,96916,24840,49745,22331
WISCONSIN,2000,2985644,2884739,100905,3.379672861,5363675,12700,169,1165,4537,6829,159424,25183,119605,14636
WEST VIRGINIA,2017,784740,743786,40954,5.218798583,1815857,6368,85,795,524,4964,33630,7628,23000,3002
KENTUCKY,2007,2035500,1925717,109783,5.393416851,4241474,12513,204,1381,4069,6859,106813,27683,70455,8675
DELAWARE,2007,445305,429202,16103,3.616173185,864764,5960,37,336,1706,3881,29143,6341,20486,2316
UTAH,2004,1231741,1170048,61693,5.008601646,2389039,5639,46,933,1236,3424,97607,15221,74735,7651
NEW HAMPSHIRE,2003,708924,677383,31541,4.449137002,1287687,1916,18,427,478,993,26448,4552,19979,1917
SOUTH CAROLINA,2015,2267838,2134087,133751,5.897731672,4896146,24700,399,2297,3931,18073,161245,34551,113724,12970
VIRGINIA,2007,4039427,3906633,132794,3.287446462,7712091,20798,406,1745,7651,10996,190209,31688,144467,14054
GEORGIA,2012,4770634,4339379,431255,9.039783811,9919945,37591,581,2124,12463,22423,338329,86789,223004,28536
RHODE ISLAND,2008,568231,525189,43042,7.574736331,1050788,2621,29,277,879,1436,29849,5750,20899,3200
NEBRASKA,2013,1014835,977466,37369,3.682273473,1868516,4897,57,801,1040,2999,49018,8900,35655,4463
IDAHO,2014,776944,742807,34137,4.39375296,1634464,3468,32,609,204,2623,30316,6428,22227,1661
ALASKA,2002,327053,303560,23493,7.183239414,643786,3627,33,511,489,2594,24118,3908,17739,2471
TENNESSEE,2000,2849029,2738788,110241,3.869423583,5689283,40233,410,2186,9465,28172,237985,56344,154111,27530
SOUTH CAROLINA,2010,2174538,1928445,246093,11.31702458,4625364,27648,280,1466,4982,20920,180407,46156,121054,13197
NEW HAMPSHIRE,2008,742894,715088,27806,3.742929678,1315809,2069,13,391,419,1246,27526,4286,21853,1387
MASSACHUSETTS,2011,3484135,3232456,251679,7.223571991,6587536,28219,185,1628,6768,19638,148790,36533,101471,10786
HAWAII,2016,679121,659558,19563,2.88063541,1428557,4417,35,619,994,2769,42753,6017,31082,5654
NEBRASKA,2007,979056,950325,28731,2.934561455,1774571,5367,68,527,1108,3664,56102,9046,41855,5201
WYOMING,2015,301612,288896,12716,4.216012625,586107,1302,16,173,59,1054,11151,1762,8797,592
UTAH,2013,1385911,1327562,58349,4.210154909,2900872,6498,49,1422,1243,3784,85586,13333,64788,7465
OKLAHOMA,2012,1794904,1703629,91275,5.085230185,3814820,17902,216,1588,3231,12867,129743,35731,82448,11564
ALASKA,2004,337470,312396,25074,7.429993777,655435,4159,37,558,447,3117,22172,3773,16159,2240
SOUTH DAKOTA,2016,455136,441422,13714,3.013165296,865454,3621,27,509,272,2813,17141,3000,12639,1502
NORTH DAKOTA,2015,410768,399297,11471,2.79257391,756927,1812,21,345,148,1298,16020,2997,11440,1583
UTAH,2017,1554351,1505412,48939,3.148516648,3101833,7410,73,1697,1468,4172,86238,11817,64892,9529
RHODE ISLAND,2002,550244,522201,28043,5.096466295,1069725,3051,41,395,916,1699,35342,6415,24051,4876
MINNESOTA,2018,3075098,2982665,92433,3.005855423,5611179,12369,106,2462,2944,6857,111874,16185,85561,10128
NEVADA,2004,1178652,1126205,52447,4.449744284,2334771,14379,172,954,4905,8348,98215,23142,52438,22635
OKLAHOMA,2011,1767063,1668239,98824,5.592556689,3791508,17243,208,1403,3282,12350,127252,36341,79880,11031
NEBRASKA,2001,945376,915664,29712,3.142876485,1713235,5214,43,431,1128,3612,68963,9760,52713,6490
HAWAII,2003,603938,580353,23585,3.90520219,1257608,3400,22,367,1168,1843,65867,11409,44807,9651
MAINE,2001,674964,649637,25327,3.752348273,1286670,1434,18,326,264,826,33154,6898,24585,1671
NEW YORK,2014,9523570,8925330,598240,6.281677984,19746227,75398,617,5433,24045,45303,339282,50781,272765,15736
NEW HAMPSHIRE,2011,736785,696594,40191,5.454915613,1318194,2478,17,429,474,1558,30106,5749,23383,974
COLORADO,2004,2539396,2397591,141805,5.584201913,4601403,17185,203,1956,3750,11276,180342,33008,123271,24063
CALIFORNIA,2015,18824146,17647412,1176734,6.251194609,39144818,166883,1861,12811,52862,99349,1024914,197404,656517,170993
MISSISSIPPI,2011,1345999,1214640,131359,9.759219732,2978512,8036,239,865,2492,4440,90115,30907,54283,4925
WEST VIRGINIA,2007,804315,765519,38796,4.823483337,1812035,4987,64,369,852,3702,45753,10814,31447,3492
RHODE ISLAND,2001,541663,517533,24130,4.454799386,1058920,3278,39,416,986,1837,35742,6824,23875,5043
WEST VIRGINIA,2010,810107,739895,70212,8.667003248,1852994,5830,62,354,828,4586,41500,10756,28383,2361
TEXAS,2005,11172715,10561389,611326,5.471597548,22859968,121091,1407,8511,35790,75383,990293,219828,677042,93423
COLORADO,2014,2800673,2661077,139596,4.984373399,5355866,16554,151,3039,3039,10325,135510,23472,99464,12574
MAINE,2007,699745,667065,32680,4.670272742,1317207,1554,21,391,349,793,31992,6676,24057,1259
NEW JERSEY,2009,4540306,4133369,406937,8.962765946,8707739,27121,319,1041,11639,14122,181097,37262,128327,15508
ARKANSAS,2017,1348098,1297863,50235,3.72636114,3004279,16671,258,2053,1935,12425,92489,21862,63374,7253
HAWAII,2000,605394,579736,25658,4.238231631,1211537,2954,35,346,1123,1450,60033,10665,43254,6114
ARIZONA,2003,2728647,2571096,157551,5.773960501,5580811,28638,441,1856,7619,18722,314335,58613,198725,56997
WYOMING,2014,302865,289693,13172,4.349132452,584153,1142,16,174,53,899,11477,1689,9185,603
CALIFORNIA,2011,18406759,16220604,2186155,11.87691434,37691912,154944,1792,7663,54292,91197,973901,230090,596963,146848
NEW MEXICO,2014,931955,870571,61384,6.586584116,2085572,12459,101,1475,2086,8797,73877,18505,49082,6290
KENTUCKY,2009,2064857,1842094,222763,10.78830156,4314113,11159,178,1509,3629,5843,108401,29701,72620,6080
NEW MEXICO,2018,944937,898362,46575,4.928900022,2095428,17949,167,1354,2830,13598,71657,16088,45390,10179
DELAWARE,2009,438383,401718,36665,8.36369111,885122,5635,41,338,1671,3585,29648,6932,20809,1907
GEORGIA,2016,4921819,4653744,268075,5.446665146,10310371,40990,681,3509,12205,24595,309770,63344,219625,26801
DISTRICT OF COLUMBIA,2003,308454,285997,22457,7.280502117,563384,9060,249,274,3941,4596,32678,4671,18104,9903
WYOMING,2000,265703,255727,9976,3.75456807,493782,1316,12,160,70,1074,14969,2078,12318,573
WEST VIRGINIA,2009,811273,743873,67400,8.307930869,1819777,5396,84,433,917,3962,45981,11951,31289,2741
CONNECTICUT,2017,1923713,1838835,84878,4.412196622,3588184,8180,102,837,2813,4428,63509,8890,47310,7309
WYOMING,2003,272805,260993,11812,4.329832664,501242,1314,14,136,84,1080,16648,2611,13239,798
ALABAMA,2014,2164721,2018707,146014,6.74516485,4849377,20727,276,2005,4701,13745,154094,39715,104238,10141
ALASKA,2008,355301,332364,22937,6.455653094,686293,4474,28,441,645,3360,20124,3240,15246,1638
IDAHO,2017,839780,812877,26903,3.203577127,1716943,3888,32,707,196,2953,28079,5655,20278,2146
INDIANA,2010,3175894,2854847,321047,10.10887013,6483802,20389,292,1761,6219,12117,197260,47115,137027,13118
UTAH,2002,1179441,1112585,66856,5.668448019,2316256,5488,47,943,1140,3358,97641,15124,74795,7722
MINNESOTA,2019,3108690,3007378,101312,3.258993338,5639632,13332,117,2448,3149,7618,117236,15927,90092,11217
NORTH DAKOTA,2013,401512,389923,11589,2.886339636,723393,1954,16,330,162,1446,15148,2934,10798,1416
NEW JERSEY,2002,4345276,4094390,250886,5.773764428,8590300,32168,337,1347,13905,16579,227621,43898,147984,35739
NEW YORK,2004,9359935,8816055,543880,5.810724113,19227088,84914,889,3608,33506,46911,422734,70696,311036,41002
TEXAS,2007,11441087,10940188,500899,4.378071769,23904380,122054,1420,8439,38769,73426,985142,228313,662930,93899
NORTH CAROLINA,2007,4528607,4297696,230911,5.098941021,9061032,42262,585,2385,13548,25744,370354,108800,233588,27966
MONTANA,2003,470511,448255,22256,4.73017634,917621,3351,30,246,298,2777,28428,3722,22800,1906
WASHINGTON,2009,3463712,3176728,286984,8.285446365,6664195,22056,179,2539,6699,12639,244368,52791,167897,23680
GEORGIA,2005,4598172,4336273,261899,5.695719951,9072576,40725,564,2143,14041,23977,378534,84463,249594,44477
FLORIDA,2014,9546411,8931440,614971,6.441907854,19893297,107521,1149,8563,24914,72895,679446,143220,493647,42579
NORTH DAKOTA,2003,347107,335098,12009,3.45974008,633837,493,12,151,51,279,13286,1941,10267,1078
MARYLAND,2005,2931579,2799960,131619,4.489696508,5600388,39369,552,1266,14378,23173,198483,35922,128491,34070
RHODE ISLAND,2017,568146,542552,25594,4.504827984,1059639,2460,20,445,474,1521,18561,3217,13861,1483
NEBRASKA,2017,1023170,992745,30425,2.97360165,1920076,5873,43,1191,968,3671,43663,6472,31988,5203
MINNESOTA,2010,2940695,2722621,218074,7.415729955,5303925,12515,96,1798,3388,7233,136431,24415,103429,8587
NEW YORK,2003,9283809,8689955,593854,6.396663266,19190115,89265,934,3773,35758,48800,431448,75493,310738,45217
LOUISIANA,2010,2084466,1927722,156744,7.519623731,4533372,24886,510,1233,5211,17932,165357,45435,110029,9893
KENTUCKY,2012,2060098,1891116,168982,8.202619487,4380415,9752,195,1272,3535,4750,111826,29587,75571,6668
OKLAHOMA,2001,1672632,1611755,60877,3.639593168,3460097,17726,185,1486,2746,13309,141679,34573,94537,12569
